Start Time (Seconds),End Time (Seconds),Duration (Seconds),Component,Energy Consumption (Joule)
0,205.28300000000002,205.28300000000002,screen dark,30.854856032
0,205.28300000000002,205.28300000000002,wifi running,0.438279205

