Start Time (Seconds),End Time (Seconds),Duration (Seconds),Component,Energy Consumption (Joule)
0,205.6,205.6,screen dark,30.9025024
0,33.614,33.614,wifi running,0.07176588999999998
33.614,35.621,2.007000000000005,wifi scan,0.37707516000000085
35.621,205.6,169.97899999999998,wifi running,0.3629051649999999
33.614,205.6,171.986,audio,29.375208799999996
33.614,43.832,10.218000000000004,audio,1.7452344000000004
45.859,205.6,159.74099999999999,audio,27.283762799999995
45.859,71.17099999999999,25.31199999999999,audio,4.323289599999998

