Start Time (Seconds),End Time (Seconds),Duration (Seconds),Component,Energy Consumption (Joule)
0,200.38400000000001,200.38400000000001,screen dark,29.744680345600003
0,200.38400000000001,200.38400000000001,wifi running,0.42250966399999995

