Start Time (Seconds),End Time (Seconds),Duration (Seconds),Component,Energy Consumption (Joule)
0,199.575,199.575,screen dark,29.624593679999997
0,199.575,199.575,wifi running,0.4208038874999999
28.894,199.575,170.68099999999998,audio,28.790471079999996
28.894,39.103,10.209000000000003,audio,1.7220541200000006
41.045,199.575,158.52999999999997,audio,26.740840399999996
41.045,66.36,25.314999999999998,audio,4.270134199999999

