Start Time (Seconds),End Time (Seconds),Duration (Seconds),Component,Energy Consumption (Joule)
0,205.46699999999998,205.46699999999998,screen dark,27.5411254272
0,205.46699999999998,205.46699999999998,wifi running,0.39120916799999994

