Start Time (Seconds),End Time (Seconds),Duration (Seconds),Component,Energy Consumption (Joule)
0,200.25900000000001,200.25900000000001,screen dark,29.60629056000001
0,200.25900000000001,200.25900000000001,wifi running,0.4205439000000001

